12,1,GUA,C1',92.13331371428569,.
12,2,GUA,C1',92.49605749999999,.
12,3,ADE,C1',92.69297516450217,.
12,4,ADE,C1',93.12706738095247,.
12,5,URA,C1',93.08128,.
12,6,ADE,C1',91.92346750000003,.
12,7,URA,C1',92.80520000000006,.
12,8,GUA,C1',92.50715166666676,.
12,9,CYT,C1',93.29657410714287,.
12,10,URA,C1',93.64866066666661,.
12,11,CYT,C1',93.27236375000005,.
12,12,ADE,C1',92.09060083333335,.
12,13,ADE,C1',92.3167633333333,.
12,14,CYT,C1',93.34169,.
12,15,GUA,C1',92.81300799999997,.
12,16,ADE,C1',91.97904857142858,.
12,17,ADE,C1',91.91286211904759,.
12,18,ADE,C1',92.6892,.
12,19,GUA,C1',92.6466383333333,.
12,20,URA,C1',93.30268099999994,.
12,21,GUA,C1',91.50482,.
12,22,ADE,C1',93.02746445238087,.
12,23,ADE,C1',92.07563571428567,.
12,24,URA,C1',90.39633142857139,.
12,25,CYT,C1',93.59448766666678,.
12,26,ADE,C1',92.82716428571425,.
12,27,GUA,C1',92.4909516666667,.
12,28,CYT,C1',93.56846435714291,.
12,29,URA,C1',93.58952271428572,.
12,30,URA,C1',92.57888833333337,.
12,31,CYT,C1',93.07411538095249,.
12,32,GUA,C1',93.06623000000002,.
12,33,GUA,C1',92.76433083333335,.
12,34,CYT,C1',93.29657410714287,.
12,35,URA,C1',93.46015349999996,.
12,36,GUA,C1',92.2503425000001,.
12,37,ADE,C1',91.79941049999998,.
12,38,GUA,C1',93.02964071428575,.
12,39,ADE,C1',92.79770249999996,.
12,40,GUA,C1',92.4909516666667,.
12,41,CYT,C1',93.18852250000003,.
12,42,URA,C1',92.625659,.
12,43,ADE,C1',91.72646916666666,.
12,44,ADE,C1',91.73823571428576,.
12,45,GUA,C1',92.88209000000008,.
12,46,URA,C1',93.69268273809517,.
12,47,URA,C1',93.65106716666651,.
12,48,CYT,C1',93.65823783333333,.
12,49,CYT,C1',92.88547550000001,.
12,1,GUA,C2',75.57751999999999,.
12,2,GUA,C2',75.73987416666674,.
12,3,ADE,C2',75.59421038095233,.
12,4,ADE,C2',75.561425,.
12,5,URA,C2',75.68037777777774,.
12,6,ADE,C2',75.91344766666668,.
12,7,URA,C2',75.45413101190478,.
12,8,GUA,C2',75.12622075000003,.
12,9,CYT,C2',75.0563333333333,.
12,10,URA,C2',75.03004500000002,.
12,11,CYT,C2',75.39227833333328,.
12,12,ADE,C2',75.31580483333329,.
12,13,ADE,C2',75.56621416666668,.
12,14,CYT,C2',75.57636666666673,.
12,15,GUA,C2',75.23136333333333,.
12,16,ADE,C2',75.72303449999998,.
12,17,ADE,C2',75.81407266666668,.
12,18,ADE,C2',75.48498,.
12,19,GUA,C2',75.29536999999993,.
12,20,URA,C2',75.49076083333327,.
12,21,GUA,C2',75.82971399999991,.
12,22,ADE,C2',75.36926116666672,.
12,23,ADE,C2',76.927235,.
12,24,URA,C2',76.38022095238084,.
12,25,CYT,C2',75.114087142857,.
12,26,ADE,C2',73.89977933333333,.
12,27,GUA,C2',75.19723238095243,.
12,28,CYT,C2',75.20822435714281,.
12,29,URA,C2',75.43992399999999,.
12,30,URA,C2',74.91925999999995,.
12,31,CYT,C2',75.42495500000007,.
12,32,GUA,C2',75.38179900000002,.
12,33,GUA,C2',74.84761316666672,.
12,34,CYT,C2',75.0563333333333,.
12,35,URA,C2',74.1402083809524,.
12,36,GUA,C2',75.33473000000006,.
12,37,ADE,C2',75.2096717142857,.
12,38,GUA,C2',75.05142583333335,.
12,39,ADE,C2',75.34851171428576,.
12,40,GUA,C2',75.19723238095243,.
12,41,CYT,C2',75.25206035714285,.
12,42,URA,C2',74.72557999999998,.
12,43,ADE,C2',76.185162,.
12,44,ADE,C2',76.05422000000007,.
12,45,GUA,C2',75.27782142857143,.
12,46,URA,C2',75.15050499999998,.
12,47,URA,C2',75.24103353571427,.
12,48,CYT,C2',75.70304892857145,.
12,49,CYT,C2',77.59633000000011,.
12,1,GUA,C3',74.08593999999992,.
12,2,GUA,C3',73.27277866666668,.
12,3,ADE,C3',73.2560630793651,.
12,4,ADE,C3',72.90643583333342,.
12,5,URA,C3',72.12606071428573,.
12,6,ADE,C3',73.01517999999997,.
12,7,URA,C3',71.87838000000002,.
12,8,GUA,C3',72.36697328968256,.
12,9,CYT,C3',72.23876964285712,.
12,10,URA,C3',72.18211000000007,.
12,11,CYT,C3',71.9953186666666,.
12,12,ADE,C3',73.73471000000002,.
12,13,ADE,C3',72.89304000000004,.
12,14,CYT,C3',72.97168999999997,.
12,15,GUA,C3',72.72452666666668,.
12,16,ADE,C3',73.88460499999998,.
12,17,ADE,C3',74.08341685714285,.
12,18,ADE,C3',72.64834333333336,.
12,19,GUA,C3',73.22362,.
12,20,URA,C3',72.40725383333329,.
12,21,GUA,C3',73.74623,.
12,22,ADE,C3',72.60802119047615,.
12,23,ADE,C3',72.84034952380952,.
12,24,URA,C3',73.91383249999998,.
12,25,CYT,C3',72.16256499999992,.
12,26,ADE,C3',72.34543549999998,.
12,27,GUA,C3',72.14511653968253,.
12,28,CYT,C3',72.45578933333336,.
12,29,URA,C3',72.3866475,.
12,30,URA,C3',74.54840600000007,.
12,31,CYT,C3',73.08092,.
12,32,GUA,C3',72.51096666666666,.
12,33,GUA,C3',72.60288687301589,.
12,34,CYT,C3',72.23876964285712,.
12,35,URA,C3',73.50843649999993,.
12,36,GUA,C3',72.54247150000006,.
12,37,ADE,C3',72.67977250000001,.
12,38,GUA,C3',73.25133166666672,.
12,39,ADE,C3',72.73629749999994,.
12,40,GUA,C3',72.14511653968253,.
12,41,CYT,C3',72.30303435714286,.
12,42,URA,C3',72.44267033333335,.
12,43,ADE,C3',73.13623199999996,.
12,44,ADE,C3',72.54918349999994,.
12,45,GUA,C3',72.46959000000003,.
12,46,URA,C3',72.7773896428571,.
12,47,URA,C3',72.46047458333335,.
12,48,CYT,C3',72.28520916666668,.
12,49,CYT,C3',69.64243999999991,.
12,1,GUA,C4',82.59685500000005,.
12,2,GUA,C4',82.8367216666667,.
12,3,ADE,C4',80.89930869047618,.
12,4,ADE,C4',79.88347833333341,.
12,5,URA,C4',80.04138777777776,.
12,6,ADE,C4',82.18201666666666,.
12,7,URA,C4',81.39956166666668,.
12,8,GUA,C4',82.1195903333334,.
12,9,CYT,C4',79.02835849999998,.
12,10,URA,C4',80.06765499999992,.
12,11,CYT,C4',79.74858083333335,.
12,12,ADE,C4',80.81592866666666,.
12,13,ADE,C4',81.80835166666671,.
12,14,CYT,C4',79.63498416666671,.
12,15,GUA,C4',81.95973666666667,.
12,16,ADE,C4',82.70433600000004,.
12,17,ADE,C4',81.09461049999994,.
12,18,ADE,C4',81.14742166666666,.
12,19,GUA,C4',82.1911366666667,.
12,20,URA,C4',80.05081761904754,.
12,21,GUA,C4',82.45922999999999,.
12,22,ADE,C4',80.98738021428564,.
12,23,ADE,C4',81.20501666666662,.
12,24,URA,C4',81.74995999999992,.
12,25,CYT,C4',79.85074976190482,.
12,26,ADE,C4',80.30997773809527,.
12,27,GUA,C4',81.46077666666672,.
12,28,CYT,C4',79.12956433333338,.
12,29,URA,C4',80.29341666666666,.
12,30,URA,C4',82.54460100000004,.
12,31,CYT,C4',81.3172274999999,.
12,32,GUA,C4',81.9513,.
12,33,GUA,C4',82.31110666666672,.
12,34,CYT,C4',79.02835849999998,.
12,35,URA,C4',80.14890666666662,.
12,36,GUA,C4',82.2751383333334,.
12,37,ADE,C4',80.04591690476194,.
12,38,GUA,C4',82.25867000000008,.
12,39,ADE,C4',79.95431023809529,.
12,40,GUA,C4',81.46077666666672,.
12,41,CYT,C4',79.14375671428569,.
12,42,URA,C4',80.4450833333333,.
12,43,ADE,C4',82.65328000000005,.
12,44,ADE,C4',80.92957833333327,.
12,45,GUA,C4',81.58409999999999,.
12,46,URA,C4',79.69536011904748,.
12,47,URA,C4',79.85782928571426,.
12,48,CYT,C4',79.68836333333337,.
12,49,CYT,C4',83.26517000000001,.
12,1,GUA,C5',66.83516999999998,.
12,2,GUA,C5',68.03941904761896,.
12,3,ADE,C5',67.19062714285715,.
12,4,ADE,C5',66.18555000000006,.
12,5,URA,C5',64.75596000000009,.
12,6,ADE,C5',67.17449380952377,.
12,7,URA,C5',65.82046499999997,.
12,8,GUA,C5',65.6960545,.
12,9,CYT,C5',64.77793446428562,.
12,10,URA,C5',64.43090666666662,.
12,11,CYT,C5',64.92738333333332,.
12,12,ADE,C5',66.82240380952379,.
12,13,ADE,C5',67.36607,.
12,14,CYT,C5',64.96912333333331,.
12,15,GUA,C5',65.29863333333334,.
12,16,ADE,C5',66.62443999999999,.
12,17,ADE,C5',67.44711000000001,.
12,18,ADE,C5',65.62152083333326,.
12,19,GUA,C5',66.23143999999996,.
12,20,URA,C5',65.2644733333333,.
12,21,GUA,C5',65.6071,.
12,22,ADE,C5',65.24468999999996,.
12,23,ADE,C5',66.07561999999999,.
12,24,URA,C5',67.50104000000002,.
12,25,CYT,C5',64.90166250000004,.
12,26,ADE,C5',66.49556666666668,.
12,27,GUA,C5',65.42031750000007,.
12,28,CYT,C5',64.69012696428567,.
12,29,URA,C5',66.48718,.
12,30,URA,C5',65.44469999999995,.
12,31,CYT,C5',65.69480333333327,.
12,32,GUA,C5',68.31615333333328,.
12,33,GUA,C5',65.87177273809527,.
12,34,CYT,C5',64.77793446428562,.
12,35,URA,C5',65.3518733333333,.
12,36,GUA,C5',67.58458571428574,.
12,37,ADE,C5',68.43302166666668,.
12,38,GUA,C5',67.04709238095238,.
12,39,ADE,C5',70.2762366666667,.
12,40,GUA,C5',65.42031750000007,.
12,41,CYT,C5',64.98513666666665,.
12,42,URA,C5',65.58621666666664,.
12,43,ADE,C5',66.28959500000005,.
12,44,ADE,C5',67.15037666666666,.
12,45,GUA,C5',65.77763499999999,.
12,46,URA,C5',65.128355,.
12,47,URA,C5',65.10634000000005,.
12,48,CYT,C5',65.17143666666658,.
12,49,CYT,C5',65.19313333333339,.
12,1,GUA,C2,156.45161999999988,.
12,2,GUA,C2,155.46959250000003,.
12,3,ADE,C2,153.00672666666662,.
12,4,ADE,C2,154.30890833333325,.
12,5,URA,C2,153.09156428571424,.
12,6,ADE,C2,153.94808100000003,.
12,7,URA,C2,153.03353583333327,.
12,8,GUA,C2,156.15973899999997,.
12,9,CYT,C2,159.23090000000005,.
12,10,URA,C2,153.2820700000001,.
12,11,CYT,C2,159.31081000000003,.
12,12,ADE,C2,153.64775433333327,.
12,13,ADE,C2,154.01939166666668,.
12,14,CYT,C2,159.09509999999997,.
12,15,GUA,C2,154.06157333333329,.
12,16,ADE,C2,154.27869266666673,.
12,17,ADE,C2,154.07263449999996,.
12,18,ADE,C2,153.76757999999998,.
12,19,GUA,C2,157.76945666666663,.
12,20,URA,C2,152.99040499999987,.
12,21,GUA,C2,154.3560658333334,.
12,22,ADE,C2,154.2673896666666,.
12,23,ADE,C2,153.52123999999998,.
12,24,URA,C2,152.83473899999998,.
12,25,CYT,C2,159.21915999999993,.
12,26,ADE,C2,152.52715833333332,.
12,27,GUA,C2,156.17838399999997,.
12,28,CYT,C2,159.14980000000006,.
12,29,URA,C2,152.8775483333332,.
12,30,URA,C2,152.85829166666673,.
12,31,CYT,C2,160.1538299999999,.
12,32,GUA,C2,151.70666249999996,.
12,33,GUA,C2,156.39458150000007,.
12,34,CYT,C2,159.23090000000005,.
12,35,URA,C2,152.23261916666672,.
12,36,GUA,C2,155.15489833333322,.
12,37,ADE,C2,153.71326166666657,.
12,38,GUA,C2,155.7760783333333,.
12,39,ADE,C2,153.45195416666672,.
12,40,GUA,C2,156.17838399999997,.
12,41,CYT,C2,159.25830000000002,.
12,42,URA,C2,153.4566733333333,.
12,43,ADE,C2,154.62443966666672,.
12,44,ADE,C2,154.6930055000001,.
12,45,GUA,C2,154.59606166666669,.
12,46,URA,C2,153.08485916666666,.
12,47,URA,C2,152.68917966666672,.
12,48,CYT,C2,158.82296000000002,.
12,49,CYT,C2,160.08438999999987,.
12,1,GUA,C5,104.82334999999995,.
12,2,GUA,C5,102.48665000000001,.
12,3,ADE,C5,85.41018000000005,.
12,4,ADE,C5,88.56297000000004,.
12,5,URA,C5,103.86388000000008,.
12,6,ADE,C5,104.03943000000001,.
12,7,URA,C5,98.59255876190474,.
12,8,GUA,C5,104.41593,.
12,9,CYT,C5,96.665359047619,.
12,10,URA,C5,103.12285666666664,.
12,11,CYT,C5,97.54782999999996,.
12,12,ADE,C5,103.95644000000004,.
12,13,ADE,C5,96.36716,.
12,14,CYT,C5,97.65306000000004,.
12,15,GUA,C5,103.50639000000002,.
12,16,ADE,C5,103.51185000000005,.
12,17,ADE,C5,104.41321000000002,.
12,18,ADE,C5,103.93616,.
12,19,GUA,C5,104.32177666666662,.
12,20,URA,C5,103.34219000000003,.
12,21,GUA,C5,104.63637000000003,.
12,22,ADE,C5,104.03165000000004,.
12,23,ADE,C5,104.53101000000002,.
12,24,URA,C5,105.14506000000004,.
12,25,CYT,C5,97.95454999999994,.
12,26,ADE,C5,89.15039000000003,.
12,27,GUA,C5,104.41157000000001,.
12,28,CYT,C5,97.22984833333334,.
12,29,URA,C5,104.7020333333334,.
12,30,URA,C5,104.1442761904762,.
12,31,CYT,C5,98.38484499999986,.
12,32,GUA,C5,103.42134999999996,.
12,33,GUA,C5,104.00194666666663,.
12,34,CYT,C5,96.665359047619,.
12,35,URA,C5,103.4946266666666,.
12,36,GUA,C5,104.4263466666667,.
12,37,ADE,C5,85.39608000000005,.
12,38,GUA,C5,104.78730666666672,.
12,39,ADE,C5,85.39708000000006,.
12,40,GUA,C5,104.41157000000001,.
12,41,CYT,C5,97.16575604761903,.
12,42,URA,C5,96.90398666666668,.
12,43,ADE,C5,104.01446000000004,.
12,44,ADE,C5,104.39515000000002,.
12,45,GUA,C5,103.54549333333331,.
12,46,URA,C5,103.36808166666663,.
12,47,URA,C5,103.03975999999999,.
12,48,CYT,C5,97.75924785714285,.
12,49,CYT,C5,98.25980000000001,.
12,1,GUA,C6,159.0596500000002,.
12,2,GUA,C6,161.16405000000015,.
12,3,ADE,C6,157.2890600000001,.
12,4,ADE,C6,157.55107000000018,.
12,5,URA,C6,140.32659000000004,.
12,6,ADE,C6,156.7904899999999,.
12,7,URA,C6,141.11974333333347,.
12,8,GUA,C6,161.65325000000007,.
12,9,CYT,C6,141.42728659523812,.
12,10,URA,C6,142.5987350000002,.
12,11,CYT,C6,141.64558750000012,.
12,12,ADE,C6,156.72844999999987,.
12,13,ADE,C6,158.1932200000002,.
12,14,CYT,C6,140.12607599999998,.
12,15,GUA,C6,160.76938000000024,.
12,16,ADE,C6,156.7725899999998,.
12,17,ADE,C6,156.71278666666672,.
12,18,ADE,C6,156.65652000000014,.
12,19,GUA,C6,160.9675,.
12,20,URA,C6,141.55146428571436,.
12,21,GUA,C6,161.22658000000013,.
12,22,ADE,C6,156.90225666666655,.
12,23,ADE,C6,156.57051000000004,.
12,24,URA,C6,143.82924,.
12,25,CYT,C6,141.82276500000023,.
12,26,ADE,C6,157.7568150000002,.
12,27,GUA,C6,161.65895000000003,.
12,28,CYT,C6,140.93337733333334,.
12,29,URA,C6,141.4831023333333,.
12,30,URA,C6,142.88327999999998,.
12,31,CYT,C6,142.19756333333325,.
12,32,GUA,C6,160.01590000000016,.
12,33,GUA,C6,160.9791000000001,.
12,34,CYT,C6,141.42728659523812,.
12,35,URA,C6,142.36785450000005,.
12,36,GUA,C6,161.7793000000001,.
12,37,ADE,C6,157.23538000000008,.
12,38,GUA,C6,161.66110000000003,.
12,39,ADE,C6,157.3127250000001,.
12,40,GUA,C6,161.65895000000003,.
12,41,CYT,C6,141.25751533333334,.
12,42,URA,C6,142.16131000000004,.
12,43,ADE,C6,156.64095999999986,.
12,44,ADE,C6,156.48059,.
12,45,GUA,C6,160.01958000000002,.
12,46,URA,C6,141.3248425000001,.
12,47,URA,C6,142.5722226666668,.
12,48,CYT,C6,141.56048085714284,.
12,49,CYT,C6,142.10711999999998,.
12,1,GUA,C8,139.35180000000005,.
12,2,GUA,C8,137.11417183333342,.
12,3,ADE,C8,139.23077750000004,.
12,4,ADE,C8,139.5951233333332,.
12,5,URA,C8,139.2379958333334,.
12,6,ADE,C8,140.67651499999994,.
12,7,URA,C8,138.66083000000003,.
12,8,GUA,C8,136.23207385714286,.
12,9,CYT,C8,138.21161000000004,.
12,10,URA,C8,136.67895683333333,.
12,11,CYT,C8,138.49965133333342,.
12,12,ADE,C8,140.6541835,.
12,13,ADE,C8,141.19273333333334,.
12,14,CYT,C8,138.06357283333338,.
12,15,GUA,C8,137.13327999999996,.
12,16,ADE,C8,140.9411299999999,.
12,17,ADE,C8,141.50365257142855,.
12,18,ADE,C8,140.39644999999993,.
12,19,GUA,C8,137.24819450000004,.
12,20,URA,C8,138.11593766666672,.
12,21,GUA,C8,137.066772,.
12,22,ADE,C8,141.64268599999986,.
12,23,ADE,C8,140.80706999999992,.
12,24,URA,C8,136.7554388333333,.
12,25,CYT,C8,138.12053000000006,.
12,26,ADE,C8,126.12000933333333,.
12,27,GUA,C8,135.5229403928572,.
12,28,CYT,C8,137.93417276190476,.
12,29,URA,C8,133.82723,.
12,30,URA,C8,138.35080000000002,.
12,31,CYT,C8,140.67035583333333,.
12,32,GUA,C8,138.20597000000006,.
12,33,GUA,C8,136.26218690476193,.
12,34,CYT,C8,138.21161000000004,.
12,35,URA,C8,130.94296333333344,.
12,36,GUA,C8,136.24784000000002,.
12,37,ADE,C8,139.41276933333344,.
12,38,GUA,C8,136.7749913333333,.
12,39,ADE,C8,138.48272766666668,.
12,40,GUA,C8,135.5229403928572,.
12,41,CYT,C8,138.06245600000003,.
12,42,URA,C8,136.84966000000003,.
12,43,ADE,C8,140.7765825,.
12,44,ADE,C8,140.66282583333333,.
12,45,GUA,C8,137.4864400000002,.
12,46,URA,C8,138.0692475,.
12,47,URA,C8,138.01611695238103,.
12,48,CYT,C8,138.01611695238103,.
12,49,CYT,C8,136.81745333333333,.
12,1,GUA,H1',5.8083155,.
12,2,GUA,H1',5.895934833333332,.
12,3,ADE,H1',5.851362547619048,.
12,4,ADE,H1',6.066288333333336,.
12,5,URA,H1',5.306959299999999,.
12,6,ADE,H1',5.889588566666666,.
12,7,URA,H1',5.38247,.
12,8,GUA,H1',5.619967999999999,.
12,9,CYT,H1',5.079293880952384,.
12,10,URA,H1',5.612961166666666,.
12,11,CYT,H1',5.497458500000001,.
12,12,ADE,H1',5.752352309523807,.
12,13,ADE,H1',5.6610900000000015,.
12,14,CYT,H1',5.392736033333332,.
12,15,GUA,H1',5.616440000000001,.
12,16,ADE,H1',5.818642333333331,.
12,17,ADE,H1',5.914367150793655,.
12,18,ADE,H1',5.829965833333334,.
12,19,GUA,H1',5.283098499999994,.
12,20,URA,H1',5.586672595238096,.
12,21,GUA,H1',5.5272929999999985,.
12,22,ADE,H1',5.667377000000003,.
12,23,ADE,H1',5.911939999999999,.
12,24,URA,H1',5.430109999999998,.
12,25,CYT,H1',5.631908900000005,.
12,26,ADE,H1',5.947033833333339,.
12,27,GUA,H1',5.636170000000001,.
12,28,CYT,H1',5.311469999999996,.
12,29,URA,H1',5.63724730952381,.
12,30,URA,H1',5.620886666666666,.
12,31,CYT,H1',5.693174999999994,.
12,32,GUA,H1',5.588372833333336,.
12,33,GUA,H1',5.604992999999999,.
12,34,CYT,H1',5.079293880952384,.
12,35,URA,H1',5.590329642857141,.
12,36,GUA,H1',5.778551,.
12,37,ADE,H1',5.933466733333339,.
12,38,GUA,H1',5.483316600000002,.
12,39,ADE,H1',5.945062166666671,.
12,40,GUA,H1',5.636170000000001,.
12,41,CYT,H1',5.428190333333333,.
12,42,URA,H1',5.6472320000000025,.
12,43,ADE,H1',5.798350642857141,.
12,44,ADE,H1',6.01685325,.
12,45,GUA,H1',5.472143999999998,.
12,46,URA,H1',5.454225866666666,.
12,47,URA,H1',5.605716190476191,.
12,48,CYT,H1',5.607705000000002,.
12,49,CYT,H1',5.68249205,.
12,1,GUA,H2',4.915304999999995,.
12,2,GUA,H2',4.657127916666665,.
12,3,ADE,H2',4.641596166666665,.
12,4,ADE,H2',4.612488480952382,.
12,5,URA,H2',4.114581599999999,.
12,6,ADE,H2',4.614982516666665,.
12,7,URA,H2',4.302644500000002,.
12,8,GUA,H2',4.4893746111111135,.
12,9,CYT,H2',4.308977333333334,.
12,10,URA,H2',4.5225471666666675,.
12,11,CYT,H2',4.287341499999997,.
12,12,ADE,H2',4.561130195238095,.
12,13,ADE,H2',4.352300333333335,.
12,14,CYT,H2',4.234299166666667,.
12,15,GUA,H2',4.416177200000002,.
12,16,ADE,H2',4.374396800000001,.
12,17,ADE,H2',4.91217133333333,.
12,18,ADE,H2',4.674822999999998,.
12,19,GUA,H2',4.499018333333334,.
12,20,URA,H2',4.404898999999997,.
12,21,GUA,H2',4.318841000000003,.
12,22,ADE,H2',4.744484000000003,.
12,23,ADE,H2',4.5673240999999996,.
12,24,URA,H2',4.518000333333337,.
12,25,CYT,H2',4.443920100000003,.
12,26,ADE,H2',4.729825142857145,.
12,27,GUA,H2',4.482539634920639,.
12,28,CYT,H2',4.469415666666674,.
12,29,URA,H2',4.099825666666669,.
12,30,URA,H2',4.2678100000000025,.
12,31,CYT,H2',4.534819899999993,.
12,32,GUA,H2',4.75169713333333,.
12,33,GUA,H2',4.484334642857143,.
12,34,CYT,H2',4.308977333333334,.
12,35,URA,H2',4.572150000000008,.
12,36,GUA,H2',4.523783216666665,.
12,37,ADE,H2',4.579612142857145,.
12,38,GUA,H2',4.511167366666664,.
12,39,ADE,H2',4.740479976190474,.
12,40,GUA,H2',4.482539634920639,.
12,41,CYT,H2',4.421143952380955,.
12,42,URA,H2',4.368572000000004,.
12,43,ADE,H2',4.401038099999999,.
12,44,ADE,H2',4.831936984126981,.
12,45,GUA,H2',4.436550800000003,.
12,46,URA,H2',4.415292821428574,.
12,47,URA,H2',4.402934603174601,.
12,48,CYT,H2',4.265400999999997,.
12,49,CYT,H2',3.954787466666667,.
12,1,GUA,H3',4.683230000000002,.
12,2,GUA,H3',4.852110000000001,.
12,3,ADE,H3',4.65253888095238,.
12,4,ADE,H3',4.676541285714289,.
12,5,URA,H3',4.5158489015151515,.
12,6,ADE,H3',4.719233333333334,.
12,7,URA,H3',4.475455000000002,.
12,8,GUA,H3',4.6351059523809495,.
12,9,CYT,H3',4.202764666666667,.
12,10,URA,H3',4.559247380952383,.
12,11,CYT,H3',4.380096999999999,.
12,12,ADE,H3',4.692871416666668,.
12,13,ADE,H3',4.525399166666666,.
12,14,CYT,H3',4.373716666666669,.
12,15,GUA,H3',4.581126000000001,.
12,16,ADE,H3',4.612646249999998,.
12,17,ADE,H3',4.758527845238096,.
12,18,ADE,H3',4.574154166666666,.
12,19,GUA,H3',4.294327999999996,.
12,20,URA,H3',4.425519,.
12,21,GUA,H3',4.6465250000000005,.
12,22,ADE,H3',4.532684166666663,.
12,23,ADE,H3',4.797762666666671,.
12,24,URA,H3',4.462019000000002,.
12,25,CYT,H3',4.623850000000005,.
12,26,ADE,H3',4.757876035714284,.
12,27,GUA,H3',4.523002285714283,.
12,28,CYT,H3',4.261548809523812,.
12,29,URA,H3',5.206276166666665,.
12,30,URA,H3',4.279029999999999,.
12,31,CYT,H3',4.468675999999997,.
12,32,GUA,H3',4.510806333333331,.
12,33,GUA,H3',4.513861833333334,.
12,34,CYT,H3',4.202764666666667,.
12,35,URA,H3',4.549036333333331,.
12,36,GUA,H3',4.6683319999999915,.
12,37,ADE,H3',4.52865683333333,.
12,38,GUA,H3',4.557283916666665,.
12,39,ADE,H3',4.641187499999996,.
12,40,GUA,H3',4.523002285714283,.
12,41,CYT,H3',4.305523476190477,.
12,42,URA,H3',4.536228699999999,.
12,43,ADE,H3',4.5839799999999995,.
12,44,ADE,H3',4.920149499999996,.
12,45,GUA,H3',4.420940000000001,.
12,46,URA,H3',4.501172666666663,.
12,47,URA,H3',4.507917095238092,.
12,48,CYT,H3',4.512335666666666,.
12,49,CYT,H3',4.166799999999997,.
12,1,GUA,H4',4.5419579999999975,.
12,2,GUA,H4',4.498620000000002,.
12,3,ADE,H4',4.50523152380952,.
12,4,ADE,H4',4.532906666666666,.
12,5,URA,H4',4.332640000000004,.
12,6,ADE,H4',4.571347500000003,.
12,7,URA,H4',4.407798333333333,.
12,8,GUA,H4',4.452302499999999,.
12,9,CYT,H4',4.302949238095235,.
12,10,URA,H4',4.457895000000002,.
12,11,CYT,H4',4.072899999999999,.
12,12,ADE,H4',4.460047500000001,.
12,13,ADE,H4',4.5302993333333355,.
12,14,CYT,H4',4.398960000000006,.
12,15,GUA,H4',4.433950000000002,.
12,16,ADE,H4',4.515220666666668,.
12,17,ADE,H4',4.55973333333333,.
12,18,ADE,H4',4.5409733333333335,.
12,19,GUA,H4',4.343739333333334,.
12,20,URA,H4',4.332567000000002,.
12,21,GUA,H4',4.405261999999999,.
12,22,ADE,H4',4.351518333333331,.
12,23,ADE,H4',4.526583333333331,.
12,24,URA,H4',4.459778750000003,.
12,25,CYT,H4',4.463738666666669,.
12,26,ADE,H4',4.419739999999997,.
12,27,GUA,H4',4.284152797619045,.
12,28,CYT,H4',4.306100142857139,.
12,29,URA,H4',4.419850000000004,.
12,30,URA,H4',4.401539999999999,.
12,31,CYT,H4',4.431450000000004,.
12,32,GUA,H4',4.509357333333332,.
12,33,GUA,H4',4.456836666666666,.
12,34,CYT,H4',4.302949238095235,.
12,35,URA,H4',4.454061000000005,.
12,36,GUA,H4',4.533530000000006,.
12,37,ADE,H4',4.482489999999998,.
12,38,GUA,H4',4.4404223333333315,.
12,39,ADE,H4',4.506806666666668,.
12,40,GUA,H4',4.284152797619045,.
12,41,CYT,H4',4.363329047619046,.
12,42,URA,H4',4.420574000000005,.
12,43,ADE,H4',4.49748066666667,.
12,44,ADE,H4',4.590771666666661,.
12,45,GUA,H4',4.510468333333334,.
12,46,URA,H4',4.463657499999999,.
12,47,URA,H4',4.472444750000003,.
12,48,CYT,H4',4.451582000000001,.
12,49,CYT,H4',4.1379474999999974,.
12,1,GUA,H5',4.245050000000004,.
12,2,GUA,H5',4.324201999999996,.
12,3,ADE,H5',4.234632166666666,.
12,4,ADE,H5',4.206987500000002,.
12,5,URA,H5',4.1670039999999995,.
12,6,ADE,H5',4.149885666666671,.
12,7,URA,H5',4.181031666666666,.
12,8,GUA,H5',4.108412166666668,.
12,9,CYT,H5',4.165350333333336,.
12,10,URA,H5',4.146330000000007,.
12,11,CYT,H5',3.94561,.
12,12,ADE,H5',4.093664000000004,.
12,13,ADE,H5',4.255020999999997,.
12,14,CYT,H5',4.198724,.
12,15,GUA,H5',4.161570000000003,.
12,16,ADE,H5',4.118190000000001,.
12,17,ADE,H5',4.236686666666666,.
12,18,ADE,H5',4.21342,.
12,19,GUA,H5',4.19377,.
12,20,URA,H5',4.142990000000002,.
12,21,GUA,H5',4.152232999999999,.
12,22,ADE,H5',4.003954999999996,.
12,23,ADE,H5',4.239175000000003,.
12,24,URA,H5',4.125039999999997,.
12,25,CYT,H5',4.160775333333333,.
12,26,ADE,H5',4.301494999999996,.
12,27,GUA,H5',4.110301190476195,.
12,28,CYT,H5',4.173353333333336,.
12,29,URA,H5',4.256940000000001,.
12,30,URA,H5',4.13946,.
12,31,CYT,H5',4.116139666666669,.
12,32,GUA,H5',4.1648590000000025,.
12,33,GUA,H5',4.212731666666667,.
12,34,CYT,H5',4.165350333333336,.
12,35,URA,H5',4.342170000000003,.
12,36,GUA,H5',4.215898166666663,.
12,37,ADE,H5',4.239225000000001,.
12,38,GUA,H5',4.274843166666666,.
12,39,ADE,H5',4.194532000000002,.
12,40,GUA,H5',4.110301190476195,.
12,41,CYT,H5',4.206939000000002,.
12,42,URA,H5',4.138412499999998,.
12,43,ADE,H5',4.0945100000000005,.
12,44,ADE,H5',4.250477500000004,.
12,45,GUA,H5',4.153083333333333,.
12,46,URA,H5',4.270913333333335,.
12,47,URA,H5',4.1721549999999965,.
12,48,CYT,H5',4.147303333333337,.
12,49,CYT,H5',3.9949649999999974,.
12,1,GUA,H5'',4.4044233333333365,.
12,2,GUA,H5'',4.364975476190483,.
12,3,ADE,H5'',4.4350741428571405,.
12,4,ADE,H5'',4.310063309523805,.
12,5,URA,H5'',4.334259309523813,.
12,6,ADE,H5'',4.245286666666667,.
12,7,URA,H5'',4.306919999999998,.
12,8,GUA,H5'',4.393740285714285,.
12,9,CYT,H5'',4.485866666666669,.
12,10,URA,H5'',4.434105,.
12,11,CYT,H5'',4.371447142857145,.
12,12,ADE,H5'',4.267555833333334,.
12,13,ADE,H5'',4.406799999999999,.
12,14,CYT,H5'',4.541893333333333,.
12,15,GUA,H5'',4.2954426428571475,.
12,16,ADE,H5'',4.404299166666668,.
12,17,ADE,H5'',4.304743333333332,.
12,18,ADE,H5'',4.365577999999999,.
12,19,GUA,H5'',4.304056666666671,.
12,20,URA,H5'',4.355752142857143,.
12,21,GUA,H5'',4.305583000000004,.
12,22,ADE,H5'',4.265549999999995,.
12,23,ADE,H5'',4.322510000000001,.
12,24,URA,H5'',4.241495,.
12,25,CYT,H5'',4.458832142857144,.
12,26,ADE,H5'',4.419213309523811,.
12,27,GUA,H5'',4.421208833333333,.
12,28,CYT,H5'',4.433512142857143,.
12,29,URA,H5'',4.293503809523813,.
12,30,URA,H5'',4.295189000000001,.
12,31,CYT,H5'',4.276437500000005,.
12,32,GUA,H5'',4.328436666666667,.
12,33,GUA,H5'',4.369255833333335,.
12,34,CYT,H5'',4.485866666666669,.
12,35,URA,H5'',4.3664771428571445,.
12,36,GUA,H5'',4.376354690476192,.
12,37,ADE,H5'',4.413509476190475,.
12,38,GUA,H5'',4.378806071428574,.
12,39,ADE,H5'',4.423649476190476,.
12,40,GUA,H5'',4.421208833333333,.
12,41,CYT,H5'',4.432208809523812,.
12,42,URA,H5'',4.318476642857147,.
12,43,ADE,H5'',4.411976666666667,.
12,44,ADE,H5'',4.321113333333332,.
12,45,GUA,H5'',4.336839999999999,.
12,46,URA,H5'',4.380990000000001,.
12,47,URA,H5'',4.4448079523809545,.
12,48,CYT,H5'',4.457916666666671,.
12,49,CYT,H5'',4.402207142857148,.
12,1,GUA,H2,7.993946799999991,.
12,2,GUA,H2,7.0992279523809545,.
12,3,ADE,H2,7.08546461904762,.
12,4,ADE,H2,7.864619999999999,.
12,5,URA,H2,7.580121000000007,.
12,6,ADE,H2,7.796942699999997,.
12,7,URA,H2,7.5755796000000055,.
12,8,GUA,H2,7.7667423,.
12,9,CYT,H2,7.778823763333328,.
12,10,URA,H2,7.326390999999996,.
12,11,CYT,H2,6.856035833333331,.
12,12,ADE,H2,7.174605133333327,.
12,13,ADE,H2,7.915661666666664,.
12,14,CYT,H2,7.583593999999994,.
12,15,GUA,H2,6.982744999999995,.
12,16,ADE,H2,7.3833449999999985,.
12,17,ADE,H2,7.797683460317457,.
12,18,ADE,H2,7.587859600000004,.
12,19,GUA,H2,7.378414399999998,.
12,20,URA,H2,7.739343650000002,.
12,21,GUA,H2,7.359708333333332,.
12,22,ADE,H2,7.782961499999994,.
12,23,ADE,H2,8.145362857142858,.
12,24,URA,H2,7.672650066666663,.
12,25,CYT,H2,6.4478999999999935,.
12,26,ADE,H2,7.068470333333336,.
12,27,GUA,H2,7.90684333333333,.
12,28,CYT,H2,7.827691688888884,.
12,29,URA,H2,7.236755866666664,.
12,30,URA,H2,7.7428972,.
12,31,CYT,H2,7.698921033333328,.
12,32,GUA,H2,7.5544232000000076,.
12,33,GUA,H2,7.878107166666665,.
12,34,CYT,H2,7.778823763333328,.
12,35,URA,H2,7.081510333333336,.
12,36,GUA,H2,6.4478999999999935,.
12,37,ADE,H2,7.681237149999996,.
12,38,GUA,H2,7.0316653293650795,.
12,39,ADE,H2,7.556990000000004,.
12,40,GUA,H2,7.90684333333333,.
12,41,CYT,H2,7.646015899999994,.
12,42,URA,H2,6.976479999999996,.
12,43,ADE,H2,7.876313333333334,.
12,44,ADE,H2,8.083336999999986,.
12,45,GUA,H2,7.5049500000000045,.
12,46,URA,H2,7.863739999999998,.
12,47,URA,H2,7.1224916666666624,.
12,48,CYT,H2,7.1224916666666624,.
12,49,CYT,H2,7.265153099999997,.
12,1,GUA,H5,5.517624,.
12,2,GUA,H5,5.21975969047619,.
12,3,ADE,H5,5.21975969047619,.
12,4,ADE,H5,5.186798999999997,.
12,5,URA,H5,5.288501999999998,.
12,6,ADE,H5,5.7131806666666645,.
12,7,URA,H5,5.498248666666667,.
12,8,GUA,H5,5.5876899999999985,.
12,9,CYT,H5,5.230064142857143,.
12,10,URA,H5,5.447354166666664,.
12,11,CYT,H5,5.621588833333337,.
12,12,ADE,H5,5.809528,.
12,13,ADE,H5,5.684863699999998,.
12,14,CYT,H5,5.2025266666666665,.
12,15,GUA,H5,5.159064333333332,.
12,16,ADE,H5,5.473340000000003,.
12,17,ADE,H5,5.591030999999998,.
12,18,ADE,H5,5.493590666666666,.
12,19,GUA,H5,5.7134805,.
12,20,URA,H5,5.026975000000005,.
12,21,GUA,H5,5.672973,.
12,22,ADE,H5,5.497910000000002,.
12,23,ADE,H5,5.69559066666667,.
12,24,URA,H5,6.046130000000001,.
12,25,CYT,H5,5.624490000000008,.
12,26,ADE,H5,5.5522818333333355,.
12,27,GUA,H5,5.1581083333333355,.
12,28,CYT,H5,5.213607333333336,.
12,29,URA,H5,5.605009999999996,.
12,30,URA,H5,5.644067499999998,.
12,31,CYT,H5,5.760599999999995,.
12,32,GUA,H5,5.665497,.
12,33,GUA,H5,5.2549755000000005,.
12,34,CYT,H5,5.230064142857143,.
12,35,URA,H5,5.409783000000002,.
12,36,GUA,H5,5.621553809523813,.
12,37,ADE,H5,5.165755857142861,.
12,38,GUA,H5,5.505226000000001,.
12,39,ADE,H5,5.235201940476191,.
12,40,GUA,H5,5.1581083333333355,.
12,41,CYT,H5,5.258972,.
12,42,URA,H5,5.32020733333333,.
12,43,ADE,H5,5.632449666666665,.
12,44,ADE,H5,5.721570000000001,.
12,45,GUA,H5,5.654658000000003,.
12,46,URA,H5,5.183029999999999,.
12,47,URA,H5,5.5330162499999975,.
12,48,CYT,H5,5.550916666666667,.
12,49,CYT,H5,5.481289999999997,.
12,1,GUA,H6,7.874365000000003,.
12,2,GUA,H6,7.710043666666661,.
12,3,ADE,H6,7.710043666666661,.
12,4,ADE,H6,7.549691933333329,.
12,5,URA,H6,7.496919999999999,.
12,6,ADE,H6,7.810863900000003,.
12,7,URA,H6,7.625387333333333,.
12,8,GUA,H6,7.872646666666663,.
12,9,CYT,H6,7.604519464285711,.
12,10,URA,H6,7.991780000000006,.
12,11,CYT,H6,7.840930166666659,.
12,12,ADE,H6,7.713202999999998,.
12,13,ADE,H6,7.819854000000005,.
12,14,CYT,H6,7.437109857142855,.
12,15,GUA,H6,7.548190000000003,.
12,16,ADE,H6,7.597313333333334,.
12,17,ADE,H6,7.736969000000003,.
12,18,ADE,H6,7.617614699999998,.
12,19,GUA,H6,7.808102299999999,.
12,20,URA,H6,7.507044999999994,.
12,21,GUA,H6,7.768983333333325,.
12,22,ADE,H6,7.594110000000001,.
12,23,ADE,H6,7.700763666666671,.
12,24,URA,H6,7.813000000000012,.
12,25,CYT,H6,7.927223999999995,.
12,26,ADE,H6,7.866459633333339,.
12,27,GUA,H6,7.796189033333331,.
12,28,CYT,H6,7.40880666666666,.
12,29,URA,H6,7.716064833333327,.
12,30,URA,H6,7.715891999999999,.
12,31,CYT,H6,7.765548000000003,.
12,32,GUA,H6,7.792839600000003,.
12,33,GUA,H6,7.675815633333339,.
12,34,CYT,H6,7.604519464285711,.
12,35,URA,H6,7.816509166666663,.
12,36,GUA,H6,7.898812999999995,.
12,37,ADE,H6,7.893102666666661,.
12,38,GUA,H6,7.6877573666666725,.
12,39,ADE,H6,7.794827233333328,.
12,40,GUA,H6,7.796189033333331,.
12,41,CYT,H6,7.494832499999993,.
12,42,URA,H6,7.604084,.
12,43,ADE,H6,7.67018883333333,.
12,44,ADE,H6,7.640803333333338,.
12,45,GUA,H6,7.685057600000002,.
12,46,URA,H6,7.705456633333332,.
12,47,URA,H6,7.972813333333332,.
12,48,CYT,H6,7.779270999999991,.
12,49,CYT,H6,7.634103166666672,.
12,1,GUA,H8,8.09559600000001,.
12,2,GUA,H8,7.796244333333335,.
12,3,ADE,H8,7.608049000000006,.
12,4,ADE,H8,7.653242499999999,.
12,5,URA,H8,7.154490097619049,.
12,6,ADE,H8,8.19749333333333,.
12,7,URA,H8,7.9322520000000045,.
12,8,GUA,H8,7.5620916666666735,.
12,9,CYT,H8,7.667844799999999,.
12,10,URA,H8,7.814824866666662,.
12,11,CYT,H8,7.8561910666666686,.
12,12,ADE,H8,7.9479733,.
12,13,ADE,H8,8.306634733333338,.
12,14,CYT,H8,7.233765714285714,.
12,15,GUA,H8,7.602691999999999,.
12,16,ADE,H8,8.126227999999996,.
12,17,ADE,H8,8.253611333333332,.
12,18,ADE,H8,8.140308999999997,.
12,19,GUA,H8,7.399791250000006,.
12,20,URA,H8,7.592745166666666,.
12,21,GUA,H8,7.752445000000003,.
12,22,ADE,H8,8.165868071428566,.
12,23,ADE,H8,8.163813066666668,.
12,24,URA,H8,7.818689733333332,.
12,25,CYT,H8,7.804091133333332,.
12,26,ADE,H8,8.084643523809524,.
12,27,GUA,H8,7.294717301587299,.
12,28,CYT,H8,7.5376403333333295,.
12,29,URA,H8,7.698049800000002,.
12,30,URA,H8,7.909438833333339,.
12,31,CYT,H8,7.980998933333332,.
12,32,GUA,H8,7.9177274999999945,.
12,33,GUA,H8,7.217070714285711,.
12,34,CYT,H8,7.667844799999999,.
12,35,URA,H8,7.802109333333337,.
12,36,GUA,H8,7.608567599999999,.
12,37,ADE,H8,7.907232857142858,.
12,38,GUA,H8,7.709239450000001,.
12,39,ADE,H8,7.745930357142855,.
12,40,GUA,H8,7.294717301587299,.
12,41,CYT,H8,7.696789933333334,.
12,42,URA,H8,7.730246499999998,.
12,43,ADE,H8,7.749663609523816,.
12,44,ADE,H8,8.176110000000001,.
12,45,GUA,H8,7.693552699999998,.
12,46,URA,H8,7.506465999999998,.
12,47,URA,H8,7.846471357142861,.
12,48,CYT,H8,7.846471357142861,.
12,49,CYT,H8,7.7432840000000045,.
12,1,GUA,N1,146.54213199999978,.
12,2,GUA,N1,147.1066873333331,.
12,3,ADE,N1,221.01633479365043,.
12,4,ADE,N1,220.69982730158733,.
12,5,URA,N1,163.5358319999998,.
12,6,ADE,N1,208.7990613333326,.
12,7,URA,N1,163.28665599999982,.
12,8,GUA,N1,147.46887243333336,.
12,9,CYT,N1,163.7030159999998,.
12,10,URA,N1,165.52800399999956,.
12,11,CYT,N1,162.51351599999987,.
12,12,ADE,N1,217.6196933333327,.
12,13,ADE,N1,219.28505238095235,.
12,14,CYT,N1,163.66620799999987,.
12,15,GUA,N1,149.01714626666669,.
12,16,ADE,N1,221.4725959999998,.
12,17,ADE,N1,219.43759676190408,.
12,18,ADE,N1,215.7051544761902,.
12,19,GUA,N1,147.3545736666667,.
12,20,URA,N1,166.01193999999978,.
12,21,GUA,N1,145.79976399999987,.
12,22,ADE,N1,224.2650079999997,.
12,23,ADE,N1,218.9952647619041,.
12,24,URA,N1,165.90533999999957,.
12,25,CYT,N1,162.33020799999989,.
12,26,ADE,N1,218.01544304761933,.
12,27,GUA,N1,147.6492368333333,.
12,28,CYT,N1,163.80019199999973,.
12,29,URA,N1,163.70908799999975,.
12,30,URA,N1,163.2458159999999,.
12,31,CYT,N1,163.50439999999972,.
12,32,GUA,N1,142.473304,.
12,33,GUA,N1,148.1187936666665,.
12,34,CYT,N1,163.7030159999998,.
12,35,URA,N1,165.7818439999994,.
12,36,GUA,N1,145.19694533333333,.
12,37,ADE,N1,220.80133136507897,.
12,38,GUA,N1,146.01788159999973,.
12,39,ADE,N1,220.40517199999968,.
12,40,GUA,N1,147.6492368333333,.
12,41,CYT,N1,163.8522399999998,.
12,42,URA,N1,163.07623599999974,.
12,43,ADE,N1,219.03614399999984,.
12,44,ADE,N1,217.9330599134191,.
12,45,GUA,N1,143.053916,.
12,46,URA,N1,166.1217039999998,.
12,47,URA,N1,165.63229599999974,.
12,48,CYT,N1,162.64451599999984,.
12,49,CYT,N1,163.34118399999983,.
12,1,GUA,H1,12.443520666666688,.
12,2,GUA,H1,12.450996266666666,.
12,3,ADE,H1,11.339672000000025,.
12,4,ADE,H1,11.420051999999997,.
12,5,URA,H1,10.776516000000024,.
12,6,ADE,H1,11.215456000000033,.
12,7,URA,H1,11.350422000000004,.
12,8,GUA,H1,13.413850961904766,.
12,9,CYT,H1,10.813035999999995,.
12,10,URA,H1,11.49346600000002,.
12,11,CYT,H1,10.547592000000025,.
12,12,ADE,H1,10.745460000000026,.
12,13,ADE,H1,11.221864000000005,.
12,14,CYT,H1,11.317616000000012,.
12,15,GUA,H1,10.684400000000023,.
12,16,ADE,H1,10.79290000000002,.
12,17,ADE,H1,13.495047999999999,.
12,18,ADE,H1,11.402714000000003,.
12,19,GUA,H1,12.920827999999986,.
12,20,URA,H1,10.74202000000002,.
12,21,GUA,H1,10.80784800000002,.
12,22,ADE,H1,10.810056000000012,.
12,23,ADE,H1,11.596448000000013,.
12,24,URA,H1,11.859584666666674,.
12,25,CYT,H1,10.347840000000039,.
12,26,ADE,H1,10.798373999999999,.
12,27,GUA,H1,13.4789914190476,.
12,28,CYT,H1,11.765641666666673,.
12,29,URA,H1,10.697860000000006,.
12,30,URA,H1,10.990220000000027,.
12,31,CYT,H1,11.194414666666683,.
12,32,GUA,H1,10.940528666666669,.
12,33,GUA,H1,13.408425352380966,.
12,34,CYT,H1,10.813035999999995,.
12,35,URA,H1,10.798298000000004,.
12,36,GUA,H1,11.67320400000002,.
12,37,ADE,H1,10.840432000000014,.
12,38,GUA,H1,11.768398666666666,.
12,39,ADE,H1,10.834332000000014,.
12,40,GUA,H1,13.4789914190476,.
12,41,CYT,H1,11.183742000000013,.
12,42,URA,H1,10.67706400000002,.
12,43,ADE,H1,10.785468000000025,.
12,44,ADE,H1,11.414574666666676,.
12,45,GUA,H1,11.34830400000002,.
12,46,URA,H1,11.031356000000002,.
12,47,URA,H1,11.745477999999997,.
12,48,CYT,H1,11.745477999999997,.
12,49,CYT,H1,10.671056000000016,.
12,1,GUA,N3,169.3054640000003,.
12,2,GUA,N3,169.30372399999993,.
12,3,ADE,N3,213.7415040000004,.
12,4,ADE,N3,214.3253320000001,.
12,5,URA,N3,157.86305600000026,.
12,6,ADE,N3,214.1673700000001,.
12,7,URA,N3,158.22403142857155,.
12,8,GUA,N3,170.02845600000006,.
12,9,CYT,N3,196.71685600000046,.
12,10,URA,N3,162.7884820000002,.
12,11,CYT,N3,196.71626000000006,.
12,12,ADE,N3,213.517139066667,.
12,13,ADE,N3,213.64266651428613,.
12,14,CYT,N3,197.2257999999994,.
12,15,GUA,N3,177.20251200000004,.
12,16,ADE,N3,214.87211133333372,.
12,17,ADE,N3,213.22417251428598,.
12,18,ADE,N3,215.79485504761908,.
12,19,GUA,N3,170.556104,.
12,20,URA,N3,159.1772959999996,.
12,21,GUA,N3,177.24688400000025,.
12,22,ADE,N3,214.5383243809526,.
12,23,ADE,N3,214.33517851428581,.
12,24,URA,N3,163.3836773333334,.
12,25,CYT,N3,196.82643733333333,.
12,26,ADE,N3,213.35250999999968,.
12,27,GUA,N3,169.902476,.
12,28,CYT,N3,197.30085600000004,.
12,29,URA,N3,159.1682720000003,.
12,30,URA,N3,160.1806943333333,.
12,31,CYT,N3,194.2908560000002,.
12,32,GUA,N3,177.648,.
12,33,GUA,N3,169.8616439999999,.
12,34,CYT,N3,196.71685600000046,.
12,35,URA,N3,162.15114666666702,.
12,36,GUA,N3,169.5453960000003,.
12,37,ADE,N3,214.02802666666656,.
12,38,GUA,N3,169.4133000000002,.
12,39,ADE,N3,213.48321999999968,.
12,40,GUA,N3,169.902476,.
12,41,CYT,N3,196.79776400000037,.
12,42,URA,N3,158.19354800000048,.
12,43,ADE,N3,216.34748133333352,.
12,44,ADE,N3,213.92092080000046,.
12,45,GUA,N3,178.20795200000003,.
12,46,URA,N3,161.80341928571414,.
12,47,URA,N3,162.79622095238085,.
12,48,CYT,N3,198.38108266666612,.
12,49,CYT,N3,196.32641200000012,.
12,1,GUA,H3,11.315329533333335,.
12,2,GUA,H3,12.213668999999987,.
12,3,ADE,H3,12.213668999999987,.
12,4,ADE,H3,11.858064000000004,.
12,5,URA,H3,12.03206799999999,.
12,6,ADE,H3,12.042345866666647,.
12,7,URA,H3,11.386433133333346,.
12,8,GUA,H3,12.10176200000001,.
12,9,CYT,H3,12.065831999999975,.
12,10,URA,H3,14.149403999999947,.
12,11,CYT,H3,12.060519999999988,.
12,12,ADE,H3,12.473359999999998,.
12,13,ADE,H3,11.933741999999997,.
12,14,CYT,H3,11.836643999999998,.
12,15,GUA,H3,13.293852999999961,.
12,16,ADE,H3,11.981991999999993,.
12,17,ADE,H3,11.989843066666658,.
12,18,ADE,H3,11.546269133333341,.
12,19,GUA,H3,11.851640000000002,.
12,20,URA,H3,13.572350552380938,.
12,21,GUA,H3,12.018507999999985,.
12,22,ADE,H3,12.340315199999981,.
12,23,ADE,H3,12.19746386666665,.
12,24,URA,H3,14.172139999999949,.
12,25,CYT,H3,12.00267599999998,.
12,26,ADE,H3,11.426275000000013,.
12,27,GUA,H3,12.032156000000011,.
12,28,CYT,H3,11.971470999999985,.
12,29,URA,H3,11.756335999999974,.
12,30,URA,H3,11.929727999999997,.
12,31,CYT,H3,12.11068766666663,.
12,32,GUA,H3,11.639687933333338,.
12,33,GUA,H3,12.072193000000015,.
12,34,CYT,H3,12.065831999999975,.
12,35,URA,H3,13.719724555555542,.
12,36,GUA,H3,11.969491999999981,.
12,37,ADE,H3,11.062829533333328,.
12,38,GUA,H3,12.087505333333336,.
12,39,ADE,H3,11.492544333333328,.
12,40,GUA,H3,12.032156000000011,.
12,41,CYT,H3,12.08018399999998,.
12,42,URA,H3,12.065192000000001,.
12,43,ADE,H3,12.046031999999993,.
12,44,ADE,H3,11.972780466666649,.
12,45,GUA,H3,12.200419866666659,.
12,46,URA,H3,14.201496333333356,.
12,47,URA,H3,12.936178365079375,.
12,48,CYT,H3,11.943022000000006,.
12,49,CYT,H3,11.836387999999996,.
