Peak,Region,Type,Index (F2),Index (F1),(F2) [ppm],(F1) [ppm],(F2) [Hz],(F1) [Hz],Intensity [abs],Annotation,
1,1,AUTOMATIC,268.0,711.0,12.6140,147.7545,10092.4706,11978.9716,18184.08,,
2,1,AUTOMATIC,225.0,685.0,13.0558,148.3809,10445.9402,12029.7528,19147.94,,
3,1,AUTOMATIC,269.0,702.0,12.6037,147.9713,10084.2503,11996.5497,19781.44,,
4,1,AUTOMATIC,220.0,682.0,13.1072,148.4532,10487.0413,12035.6122,19881.62,,
5,1,AUTOMATIC,167.0,119.0,13.6517,162.0163,10922.7131,13135.2216,20213.53,,
6,1,AUTOMATIC,291.0,720.0,12.3777,147.5377,9903.4054,11961.3935,22982.37,,
7,1,AUTOMATIC,241.0,113.0,12.8914,162.1608,10314.4166,13146.9403,24336.24,,
8,1,AUTOMATIC,310.0,738.0,12.1825,147.1041,9747.2212,11926.2372,25427.57,,
9,1,AUTOMATIC,312.0,736.0,12.1620,147.1523,9730.7808,11930.1435,26614.39,,
10,1,AUTOMATIC,141.0,82.0,13.9188,162.9076,11136.4389,13207.4872,29965.13,,
11,1,AUTOMATIC,285.0,708.0,12.4394,147.8268,9952.7268,11984.8310,33571.02,,
12,1,AUTOMATIC,288.0,711.0,12.4085,147.7545,9928.0661,11978.9716,34661.03,,
13,1,AUTOMATIC,285.0,710.0,12.4394,147.7786,9952.7268,11980.9247,35977.09,,
14,1,AUTOMATIC,258.0,696.0,12.7168,148.1159,10174.6728,12008.2685,40912.51,,
15,1,AUTOMATIC,290.0,714.0,12.3880,147.6823,9911.6257,11973.1122,51640.00,,
16,1,AUTOMATIC,166.0,113.0,13.6620,162.1608,10930.9333,13146.9403,58864.82,,
17,1,AUTOMATIC,342.0,789.0,11.8537,145.8754,9484.1741,11826.6278,61349.59,,
18,1,AUTOMATIC,228.0,691.0,13.0250,148.2363,10421.2795,12018.0341,66670.11,,
19,1,AUTOMATIC,213.0,683.0,13.1791,148.4291,10544.5828,12033.6591,91143.77,,
20,1,AUTOMATIC,263.0,722.0,12.6654,147.4895,10133.5717,11957.4872,125467.77,,
21,1,AUTOMATIC,263.0,740.0,12.6654,147.0559,10133.5717,11922.3310,175808.21,,
22,1,AUTOMATIC,369.0,780.0,11.5763,146.0923,9262.2280,11844.2060,183391.48,,
23,1,AUTOMATIC,248.0,719.0,12.8195,147.5618,10256.8750,11963.3466,215804.24,,
24,1,AUTOMATIC,209.0,681.0,13.2202,148.4772,10577.4637,12037.5653,254427.92,,
25,1,AUTOMATIC,139.0,125.0,13.9394,161.8717,11152.8793,13123.5028,301778.85,,
26,1,AUTOMATIC,186.0,127.0,13.4565,161.8236,10766.5289,13119.5966,338698.73,,
27,1,AUTOMATIC,117.0,109.0,14.1654,162.2572,11333.7242,13154.7528,421618.19,,
28,1,AUTOMATIC,233.0,113.0,12.9736,162.1608,10380.1784,13146.9403,586626.44,,
29,1,AUTOMATIC,214.0,140.0,13.1688,161.5104,10536.3626,13094.2060,587031.04,,
